,Survived,Pclass,Age,SibSp,Parch,Fare,Sex_male,Embarked_Q,Embarked_S
199,0,-0.369364841012,-0.440975896068,-0.47454519625,-0.473673609298,-0.386670720113,0,0,1
468,0,0.827377243866,0.076156326098,-0.47454519625,-0.473673609298,-0.492881195023,1,1,0
198,1,0.827377243866,-0.139943312607,-0.47454519625,-0.473673609298,-0.492377827843,0,1,0
574,0,0.827377243866,-1.05600136991,-0.47454519625,-0.473673609298,-0.486337421687,1,0,1
776,0,0.827377243866,0.076156326098,-0.47454519625,-0.473673609298,-0.492377827843,1,1,0
148,0,-0.369364841012,0.520001406812,-0.47454519625,2.0089333665,-0.124919786688,1,0,1
227,0,0.827377243866,-0.710049540875,-0.47454519625,-0.473673609298,-0.502445171436,1,0,1
408,0,0.827377243866,-0.67161044876,-0.47454519625,-0.473673609298,-0.491874460663,1,0,1
762,1,0.827377243866,-0.74848863299,-0.47454519625,-0.473673609298,-0.50286397293,1,0,0
166,1,-1.56610692589,-0.139943312607,-0.47454519625,0.767629878598,0.458986141723,0,0,1
62,0,-1.56610692589,1.17346597277,0.432793365679,-0.473673609298,1.03232135936,1,0,1
427,1,-0.369364841012,-0.825366817221,-0.47454519625,-0.473673609298,-0.124919786688,0,0,1
662,0,-1.56610692589,1.32722234123,-0.47454519625,-0.473673609298,-0.133225345152,1,0,1
471,0,0.827377243866,0.635318683157,-0.47454519625,-0.473673609298,-0.474004925785,1,0,1
732,0,-0.369364841012,0.076156326098,-0.47454519625,-0.473673609298,-0.648421653539,1,0,1
610,0,0.827377243866,0.712196867388,0.432793365679,5.73284383019,-0.0187093117785,0,0,1
157,0,0.827377243866,0.020293209314,-0.47454519625,-0.473673609298,-0.486337421687,1,0,1
499,0,0.827377243866,-0.440975896068,-0.47454519625,-0.473673609298,-0.49145565917,1,0,1
370,1,-1.56610692589,-0.364097711838,0.432793365679,-0.473673609298,0.467879633053,1,0,0
295,0,-1.56610692589,0.076156326098,-0.47454519625,-0.473673609298,-0.0902720169771,1,0,0
837,0,0.827377243866,0.076156326098,-0.47454519625,-0.473673609298,-0.486337421687,1,0,1
484,1,-1.56610692589,-0.364097711838,0.432793365679,-0.473673609298,1.18542954767,1,0,0
258,1,-1.56610692589,0.404684130466,-0.47454519625,-0.473673609298,9.66716652501,0,0,0
567,0,0.827377243866,-0.0565849749164,-0.47454519625,4.49154034229,-0.224083121082,0,0,1
856,1,-1.56610692589,1.17346597277,0.432793365679,0.767629878598,2.67111777845,0,0,1
871,1,-1.56610692589,1.32722234123,0.432793365679,0.767629878598,0.409740723802,0,0,1
290,1,-1.56610692589,-0.287219527608,-0.47454519625,-0.473673609298,0.939198431123,0,0,1
782,0,-1.56610692589,-0.0565849749164,-0.47454519625,-0.473673609298,-0.0443810379414,1,0,1
411,0,0.827377243866,0.076156326098,-0.47454519625,-0.473673609298,-0.510331928407,1,1,0
220,1,0.827377243866,-1.05600136991,-0.47454519625,-0.473673609298,-0.486337421687,1,0,1
155,0,-1.56610692589,1.63473507815,-0.47454519625,0.767629878598,0.587429338224,1,0,0
195,1,-1.56610692589,2.17288236777,-0.47454519625,-0.473673609298,2.30172882079,0,0,0
689,1,-1.56610692589,-1.13287955414,-0.47454519625,0.767629878598,3.60679279976,0,0,1
64,0,-1.56610692589,0.076156326098,-0.47454519625,-0.473673609298,-0.0902720169771,1,0,0
286,1,0.827377243866,0.020293209314,-0.47454519625,-0.473673609298,-0.457142125266,1,0,1
14,0,0.827377243866,-1.20975773837,-0.47454519625,-0.473673609298,-0.490279793438,0,0,1
667,0,0.827377243866,0.076156326098,-0.47454519625,-0.473673609298,-0.491874460663,1,0,1
115,0,0.827377243866,-0.67161044876,-0.47454519625,-0.473673609298,-0.488854257585,1,0,1
421,0,0.827377243866,-0.67161044876,-0.47454519625,-0.473673609298,-0.492714077119,1,1,0
757,0,-0.369364841012,-0.902245001451,-0.47454519625,-0.473673609298,-0.416872750893,1,0,1
179,0,0.827377243866,0.481562314697,-0.47454519625,-0.473673609298,-0.648421653539,1,0,1
771,0,0.827377243866,1.40410052546,-0.47454519625,-0.473673609298,-0.490279793438,1,0,1
473,1,-0.369364841012,-0.517854080299,-0.47454519625,-0.473673609298,-0.370730088268,0,0,0
124,0,-1.56610692589,1.86536963084,-0.47454519625,0.767629878598,0.907737982394,1,0,1
653,1,0.827377243866,-0.139943312607,-0.47454519625,-0.473673609298,-0.490783160618,0,1,0
627,1,-1.56610692589,-0.67161044876,-0.47454519625,-0.473673609298,0.921244330559,0,0,1
691,1,0.827377243866,-1.97853958068,-0.47454519625,0.767629878598,-0.378280595963,0,0,0
624,0,0.827377243866,-0.67161044876,-0.47454519625,-0.473673609298,-0.324253189835,1,0,1
467,0,-1.56610692589,2.0191259993,-0.47454519625,-0.473673609298,-0.113845708735,1,0,1
373,0,-1.56610692589,-0.594732264529,-0.47454519625,-0.473673609298,2.08251241405,1,0,0
277,0,-0.369364841012,0.076156326098,-0.47454519625,-0.473673609298,-0.648421653539,1,0,1
159,0,0.827377243866,0.076156326098,6.78416329918,2.0089333665,0.751945840288,1,0,1
848,0,-0.369364841012,-0.133463159147,-0.47454519625,0.767629878598,0.0160230236183,1,0,1
687,0,0.827377243866,-0.825366817221,-0.47454519625,-0.473673609298,-0.443635777102,1,0,1
470,0,0.827377243866,0.076156326098,-0.47454519625,-0.473673609298,-0.502445171436,1,0,1
72,0,-0.369364841012,-0.67161044876,-0.47454519625,-0.473673609298,0.831477854675,1,0,1
63,0,0.827377243866,-1.97853958068,2.24747048954,2.0089333665,-0.0866638810332,1,0,1
722,0,-0.369364841012,0.327805946236,-0.47454519625,-0.473673609298,-0.386670720113,1,0,1
207,1,0.827377243866,-0.287219527608,-0.47454519625,-0.473673609298,-0.270141218021,1,0,0
488,0,0.827377243866,0.020293209314,-0.47454519625,-0.473673609298,-0.486337421687,1,0,1
260,0,0.827377243866,0.076156326098,-0.47454519625,-0.473673609298,-0.492377827843,1,1,0
174,0,-1.56610692589,2.0191259993,-0.47454519625,-0.473673609298,-0.030371322597,1,0,0
57,0,0.827377243866,-0.0950240670316,-0.47454519625,-0.473673609298,-0.50286397293,1,0,0
693,0,0.827377243866,-0.364097711838,-0.47454519625,-0.473673609298,-0.502948538616,1,0,0
769,0,0.827377243866,0.174049577775,-0.47454519625,-0.473673609298,-0.480045331941,1,0,1
118,0,-1.56610692589,-0.440975896068,-0.47454519625,0.767629878598,4.33533222663,1,0,0
733,0,-0.369364841012,-0.517854080299,-0.47454519625,-0.473673609298,-0.386670720113,1,0,1
251,0,0.827377243866,-0.0565849749164,0.432793365679,0.767629878598,-0.437762488849,0,0,1
716,1,-1.56610692589,0.635318683157,-0.47454519625,-0.473673609298,3.93272304859,0,0,0
870,0,0.827377243866,-0.287219527608,-0.47454519625,-0.473673609298,-0.489442190451,1,0,1
316,1,-0.369364841012,-0.440975896068,0.432793365679,-0.473673609298,-0.124919786688,0,0,1
773,0,0.827377243866,0.076156326098,-0.47454519625,-0.473673609298,-0.502948538616,1,0,0
655,0,-0.369364841012,-0.440975896068,1.34013192761,-0.473673609298,0.831477854675,1,0,1
200,0,0.827377243866,-0.133463159147,-0.47454519625,-0.473673609298,-0.457142125266,1,0,1
643,1,0.827377243866,0.076156326098,-0.47454519625,-0.473673609298,0.489103606817,1,0,1
392,0,0.827377243866,-0.133463159147,1.34013192761,-0.473673609298,-0.488854257585,1,0,1
854,0,-0.369364841012,1.09658778854,0.432793365679,-0.473673609298,-0.124919786688,0,0,1
22,1,0.827377243866,-1.13287955414,-0.47454519625,-0.473673609298,-0.48675622318,0,1,0
189,0,0.827377243866,0.481562314697,-0.47454519625,-0.473673609298,-0.489442190451,1,0,1
721,0,0.827377243866,-0.979123185681,0.432793365679,-0.473673609298,-0.506387543187,1,0,1
847,0,0.827377243866,0.404684130466,-0.47454519625,-0.473673609298,-0.489442190451,1,0,0
443,1,-0.369364841012,-0.133463159147,-0.47454519625,-0.473673609298,-0.386670720113,0,0,1
293,0,0.827377243866,-0.440975896068,-0.47454519625,-0.473673609298,-0.470229671938,0,0,1
548,0,0.827377243866,0.250927762005,0.432793365679,0.767629878598,-0.235157199034,1,0,1
361,0,-0.369364841012,-0.0565849749164,0.432793365679,-0.473673609298,-0.0902720169771,1,0,0
758,0,0.827377243866,0.327805946236,-0.47454519625,-0.473673609298,-0.486337421687,1,0,1
441,0,0.827377243866,-0.74848863299,-0.47454519625,-0.473673609298,-0.457142125266,1,0,1
407,1,-0.369364841012,-2.05541776491,0.432793365679,0.767629878598,-0.27089626879,1,0,1
244,0,0.827377243866,0.020293209314,-0.47454519625,-0.473673609298,-0.502948538616,1,0,0
764,0,0.827377243866,-1.05600136991,-0.47454519625,-0.473673609298,-0.491874460663,1,0,1
464,0,0.827377243866,0.076156326098,-0.47454519625,-0.473673609298,-0.486337421687,1,0,1
809,1,-1.56610692589,0.250927762005,0.432793365679,-0.473673609298,0.420730236069,0,0,1
536,0,-1.56610692589,1.17346597277,-0.47454519625,-0.473673609298,-0.113845708735,1,0,1
794,0,0.827377243866,-0.364097711838,-0.47454519625,-0.473673609298,-0.489442190451,1,0,1
829,1,-1.56610692589,2.48039510469,-0.47454519625,-0.473673609298,0.962353321388,0,0,0
504,1,-1.56610692589,-1.05600136991,-0.47454519625,-0.473673609298,1.0932287881,0,0,1
163,0,0.827377243866,-0.979123185681,-0.47454519625,-0.473673609298,-0.474004925785,1,0,1
252,0,-1.56610692589,2.48039510469,-0.47454519625,-0.473673609298,-0.113845708735,1,0,1
521,0,0.827377243866,-0.594732264529,-0.47454519625,-0.473673609298,-0.489442190451,1,0,1
831,1,-0.369364841012,-2.22224342469,0.432793365679,0.767629878598,-0.27089626879,1,0,1
833,0,0.827377243866,-0.517854080299,-0.47454519625,-0.473673609298,-0.490279793438,1,0,1
93,0,0.827377243866,-0.287219527608,0.432793365679,2.0089333665,-0.234150464675,1,0,1
705,0,-0.369364841012,0.712196867388,-0.47454519625,-0.473673609298,-0.124919786688,1,0,1
822,0,-1.56610692589,0.635318683157,-0.47454519625,-0.473673609298,-0.648421653539,1,0,1
544,0,-1.56610692589,1.55785689392,0.432793365679,-0.473673609298,1.49441243029,1,0,0
778,0,0.827377243866,0.076156326098,-0.47454519625,-0.473673609298,-0.492629511433,1,1,0
357,0,-0.369364841012,0.635318683157,-0.47454519625,-0.473673609298,-0.386670720113,0,0,1
18,0,0.827377243866,0.0971713935445,0.432793365679,-0.473673609298,-0.28599728418,0,0,1
808,0,-0.369364841012,0.712196867388,-0.47454519625,-0.473673609298,-0.386670720113,1,0,1
103,0,0.827377243866,0.250927762005,-0.47454519625,-0.473673609298,-0.474172043689,1,0,1
397,0,-0.369364841012,1.250344157,-0.47454519625,-0.473673609298,-0.124919786688,1,0,1
170,0,-1.56610692589,2.40351692046,-0.47454519625,-0.473673609298,0.0260903672116,1,0,1
119,0,0.827377243866,-2.13229594914,3.15480905146,2.0089333665,-0.0187093117785,0,0,1
766,0,-1.56610692589,0.076156326098,-0.47454519625,-0.473673609298,0.14891195905,1,0,0
683,0,0.827377243866,-1.20975773837,4.06214761339,2.0089333665,0.295895175512,1,0,1
556,1,-1.56610692589,1.40410052546,0.432793365679,-0.473673609298,0.14891195905,0,0,0
177,0,-1.56610692589,1.55785689392,-0.47454519625,-0.473673609298,-0.0703044476942,0,0,0
278,0,0.827377243866,-1.74790502799,3.15480905146,0.767629878598,-0.0619988892297,1,1,0
753,0,0.827377243866,-0.517854080299,-0.47454519625,-0.473673609298,-0.489442190451,1,0,1
633,0,-1.56610692589,0.076156326098,-0.47454519625,-0.473673609298,-0.648421653539,1,0,1
819,0,0.827377243866,-1.51727047529,2.24747048954,2.0089333665,-0.0866638810332,1,0,1
267,1,0.827377243866,-0.364097711838,0.432793365679,-0.473673609298,-0.491874460663,1,0,1
399,1,-0.369364841012,-0.133463159147,-0.47454519625,-0.473673609298,-0.393717860629,0,0,1
181,0,-0.369364841012,0.076156326098,-0.47454519625,-0.473673609298,-0.345394611381,1,0,0
620,0,0.827377243866,-0.210341343377,0.432793365679,-0.473673609298,-0.357390858007,1,0,0
372,0,0.827377243866,-0.825366817221,-0.47454519625,-0.473673609298,-0.486337421687,1,0,1
873,0,0.827377243866,1.32722234123,-0.47454519625,-0.473673609298,-0.46720946886,1,0,1
798,0,0.827377243866,0.020293209314,-0.47454519625,-0.473673609298,-0.50286397293,1,0,0
32,1,0.827377243866,-0.139943312607,-0.47454519625,-0.473673609298,-0.492377827843,0,1,0
598,0,0.827377243866,0.076156326098,-0.47454519625,-0.473673609298,-0.502948538616,1,0,0
566,0,0.827377243866,-0.825366817221,-0.47454519625,-0.473673609298,-0.489442190451,1,0,1
294,0,0.827377243866,-0.440975896068,-0.47454519625,-0.473673609298,-0.489442190451,1,0,1
850,0,0.827377243866,-1.97853958068,3.15480905146,2.0089333665,-0.0187093117785,1,0,1
571,1,-1.56610692589,1.78849144661,1.34013192761,-0.473673609298,0.388095935077,0,0,1
274,1,0.827377243866,-0.139943312607,-0.47454519625,-0.473673609298,-0.492377827843,0,1,0
91,0,0.827377243866,-0.74848863299,-0.47454519625,-0.473673609298,-0.490279793438,1,0,1
349,0,0.827377243866,0.942831420079,-0.47454519625,-0.473673609298,-0.474004925785,1,0,1
261,1,0.827377243866,-2.05541776491,3.15480905146,2.0089333665,-0.01644415947,1,0,1
17,1,-0.369364841012,0.076156326098,-0.47454519625,-0.473673609298,-0.386670720113,1,0,1
365,0,0.827377243866,0.020293209314,-0.47454519625,-0.473673609298,-0.502445171436,1,0,1
183,1,-0.369364841012,-2.20917413337,1.34013192761,0.767629878598,0.136831146738,1,0,1
570,1,-0.369364841012,2.48039510469,-0.47454519625,-0.473673609298,-0.43700743808,1,0,1
45,0,0.827377243866,0.076156326098,-0.47454519625,-0.473673609298,-0.486337421687,1,0,1
793,0,-1.56610692589,0.076156326098,-0.47454519625,-0.473673609298,-0.030371322597,1,0,0
874,1,-0.369364841012,-0.133463159147,0.432793365679,-0.473673609298,-0.165189161061,0,0,0
625,0,-1.56610692589,2.40351692046,-0.47454519625,-0.473673609298,0.0023475440812,1,0,1
263,0,-1.56610692589,0.789075051618,-0.47454519625,-0.473673609298,-0.648421653539,1,0,1
787,0,0.827377243866,-1.67102684376,3.15480905146,0.767629878598,-0.0619988892297,1,1,0
249,0,-0.369364841012,1.86536963084,0.432793365679,-0.473673609298,-0.124919786688,1,0,1
736,0,0.827377243866,1.40410052546,0.432793365679,3.25023685439,0.0437082184999,0,0,1
540,1,-1.56610692589,0.481562314697,-0.47454519625,2.0089333665,0.781141136708,0,0,1
116,0,0.827377243866,3.13385967065,-0.47454519625,-0.473673609298,-0.492377827843,1,1,0
82,1,0.827377243866,-0.139943312607,-0.47454519625,-0.473673609298,-0.491622777073,0,1,0
580,1,-0.369364841012,-0.364097711838,0.432793365679,0.767629878598,-0.0443810379414,0,0,1
185,0,-1.56610692589,0.076156326098,-0.47454519625,-0.473673609298,0.35831270579,1,0,1
494,0,0.827377243866,-0.67161044876,-0.47454519625,-0.473673609298,-0.486337421687,1,0,1
838,1,0.827377243866,0.174049577775,-0.47454519625,-0.473673609298,0.489103606817,1,0,1
323,1,-0.369364841012,-0.594732264529,0.432793365679,0.767629878598,-0.064515725128,0,0,1
714,0,-0.369364841012,1.71161326238,-0.47454519625,-0.473673609298,-0.386670720113,1,0,1
271,1,0.827377243866,-0.364097711838,-0.47454519625,-0.473673609298,-0.648421653539,1,0,1
410,0,0.827377243866,0.076156326098,-0.47454519625,-0.473673609298,-0.489442190451,1,0,1
130,0,0.827377243866,0.250927762005,-0.47454519625,-0.473673609298,-0.489442190451,1,0,0
302,0,0.827377243866,-0.825366817221,-0.47454519625,-0.473673609298,-0.648421653539,1,0,1
748,0,-1.56610692589,-0.825366817221,0.432793365679,-0.473673609298,0.420730236069,1,0,1
840,0,0.827377243866,-0.74848863299,-0.47454519625,-0.473673609298,-0.488854257585,1,0,1
156,1,0.827377243866,-1.05600136991,-0.47454519625,-0.473673609298,-0.492714077119,0,1,0
806,0,-1.56610692589,0.712196867388,-0.47454519625,-0.473673609298,-0.648421653539,1,0,1
742,1,-1.56610692589,-0.67161044876,1.34013192761,2.0089333665,4.63441689704,0,0,0
331,0,-1.56610692589,1.21190506489,-0.47454519625,-0.473673609298,-0.0745830687213,1,0,1
538,0,0.827377243866,0.076156326098,-0.47454519625,-0.473673609298,-0.356468689333,1,0,1
866,1,-0.369364841012,-0.210341343377,0.432793365679,-0.473673609298,-0.369389118101,0,0,0
369,1,-1.56610692589,-0.440975896068,-0.47454519625,-0.473673609298,0.746912168491,0,0,0
142,1,0.827377243866,-0.440975896068,0.432793365679,-0.473673609298,-0.329286861632,0,0,1
786,1,0.827377243866,-0.902245001451,-0.47454519625,-0.473673609298,-0.497496065326,0,0,1
247,1,-0.369364841012,-0.440975896068,-0.47454519625,2.0089333665,-0.356468689333,0,0,1
516,1,-0.369364841012,0.327805946236,-0.47454519625,-0.473673609298,-0.43700743808,0,0,1
596,1,-0.369364841012,-0.139943312607,-0.47454519625,-0.473673609298,0.0160230236183,0,0,1
700,1,-1.56610692589,-0.902245001451,0.432793365679,-0.473673609298,3.93272304859,0,0,0
154,0,0.827377243866,0.076156326098,-0.47454519625,-0.473673609298,-0.501186753487,1,0,1
289,1,0.827377243866,-0.594732264529,-0.47454519625,-0.473673609298,-0.492377827843,0,1,0
38,0,0.827377243866,-0.902245001451,1.34013192761,-0.473673609298,-0.28599728418,0,0,1
309,1,-1.56610692589,0.020293209314,-0.47454519625,-0.473673609298,0.497829980244,0,0,0
336,0,-1.56610692589,-0.0565849749164,0.432793365679,-0.473673609298,0.692548513088,1,0,1
861,0,-0.369364841012,-0.67161044876,0.432793365679,-0.473673609298,-0.416872750893,1,0,1
394,1,0.827377243866,-0.440975896068,-0.47454519625,2.0089333665,-0.312172377523,0,0,1
379,0,0.827377243866,-0.825366817221,-0.47454519625,-0.473673609298,-0.491874460663,1,0,1
255,1,0.827377243866,-0.0565849749164,-0.47454519625,2.0089333665,-0.34145223963,0,0,0
835,1,-1.56610692589,0.712196867388,0.432793365679,0.767629878598,1.02594470393,0,0,0
191,0,-0.369364841012,-0.825366817221,-0.47454519625,-0.473673609298,-0.386670720113,1,0,1
224,1,-1.56610692589,0.635318683157,0.432793365679,-0.473673609298,1.16370019325,1,0,1
164,0,0.827377243866,-2.20917413337,3.15480905146,0.767629878598,0.150673744179,1,0,1
552,0,0.827377243866,0.076156326098,-0.47454519625,-0.473673609298,-0.490783160618,1,1,0
481,0,-0.369364841012,0.076156326098,-0.47454519625,-0.473673609298,-0.648421653539,1,0,1
203,0,0.827377243866,1.21190506489,-0.47454519625,-0.473673609298,-0.502948538616,1,0,0
503,0,0.827377243866,0.558440498927,-0.47454519625,-0.473673609298,-0.455380340138,0,0,1
816,0,0.827377243866,-0.517854080299,-0.47454519625,-0.473673609298,-0.488854257585,0,0,1
562,0,-0.369364841012,-0.133463159147,-0.47454519625,-0.473673609298,-0.37660337652,1,0,1
13,0,0.827377243866,0.712196867388,0.432793365679,5.73284383019,-0.0187093117785,1,0,1
797,1,0.827377243866,0.0971713935445,-0.47454519625,-0.473673609298,-0.473586124292,0,0,1
172,1,0.827377243866,-2.20917413337,0.432793365679,0.767629878598,-0.424256140685,0,0,1
344,0,-0.369364841012,0.481562314697,-0.47454519625,-0.473673609298,-0.386670720113,1,0,1
144,0,-0.369364841012,-0.902245001451,-0.47454519625,-0.473673609298,-0.416872750893,1,0,1
377,0,-1.56610692589,-0.210341343377,-0.47454519625,2.0089333665,3.61006468642,1,0,0
406,0,0.827377243866,1.63473507815,-0.47454519625,-0.473673609298,-0.492377827843,1,0,1
756,0,0.827377243866,-0.133463159147,-0.47454519625,-0.473673609298,-0.49145565917,1,0,1
2,1,0.827377243866,-0.287219527608,-0.47454519625,-0.473673609298,-0.488854257585,0,0,1
437,1,-0.369364841012,-0.440975896068,1.34013192761,3.25023685439,-0.27089626879,0,0,1
635,1,-0.369364841012,-0.133463159147,-0.47454519625,-0.473673609298,-0.386670720113,0,0,1
340,1,-0.369364841012,-2.13229594914,0.432793365679,0.767629878598,-0.124919786688,1,0,1
420,0,0.827377243866,0.076156326098,-0.47454519625,-0.473673609298,-0.489442190451,1,0,0
648,0,0.827377243866,0.076156326098,-0.47454519625,-0.473673609298,-0.49640476528,1,0,1
94,0,0.827377243866,2.249760552,-0.47454519625,-0.473673609298,-0.502445171436,1,0,1
483,1,0.827377243866,2.55727328892,-0.47454519625,-0.473673609298,-0.455380340138,0,0,1
141,1,0.827377243866,-0.594732264529,-0.47454519625,-0.473673609298,-0.492377827843,0,0,1
371,0,0.827377243866,-0.902245001451,0.432793365679,-0.473673609298,-0.517630752512,1,0,1
665,0,-0.369364841012,0.174049577775,1.34013192761,-0.473673609298,0.831477854675,1,0,1
27,0,-1.56610692589,-0.825366817221,2.24747048954,2.0089333665,4.64700107653,1,0,1
466,0,-0.369364841012,0.076156326098,-0.47454519625,-0.473673609298,-0.648421653539,1,0,1
710,1,-1.56610692589,-0.440975896068,-0.47454519625,-0.473673609298,0.348329927883,0,0,0
188,0,0.827377243866,0.789075051618,0.432793365679,0.767629878598,-0.336334002147,1,1,0
228,0,-0.369364841012,-0.902245001451,-0.47454519625,-0.473673609298,-0.386670720113,1,0,1
223,0,0.827377243866,0.076156326098,-0.47454519625,-0.473673609298,-0.489442190451,1,0,1
780,1,0.827377243866,-1.2866359226,-0.47454519625,-0.473673609298,-0.50286397293,0,0,0
354,0,0.827377243866,0.076156326098,-0.47454519625,-0.473673609298,-0.502948538616,1,0,0
388,0,0.827377243866,0.076156326098,-0.47454519625,-0.473673609298,-0.492796629336,1,1,0
374,0,0.827377243866,-2.05541776491,2.24747048954,0.767629878598,-0.224083121082,0,0,1
222,0,0.827377243866,1.63473507815,-0.47454519625,-0.473673609298,-0.486337421687,1,0,1
12,0,0.827377243866,-0.74848863299,-0.47454519625,-0.473673609298,-0.486337421687,1,0,1
424,0,0.827377243866,-0.902245001451,0.432793365679,0.767629878598,-0.24144928878,1,0,1
673,1,-0.369364841012,0.0971713935445,-0.47454519625,-0.473673609298,-0.386670720113,1,0,1
256,1,-1.56610692589,-0.139943312607,-0.47454519625,-0.473673609298,0.946245571638,0,0,0
636,0,0.827377243866,0.174049577775,-0.47454519625,-0.473673609298,-0.488854257585,1,0,1
741,0,-1.56610692589,0.481562314697,0.432793365679,-0.473673609298,0.939198431123,1,0,1
416,1,-0.369364841012,0.327805946236,0.432793365679,0.767629878598,0.00595568002503,0,0,1
539,1,-1.56610692589,-0.594732264529,-0.47454519625,2.0089333665,0.348245362197,0,0,0
611,0,0.827377243866,0.076156326098,-0.47454519625,-0.473673609298,-0.506472108874,1,0,1
48,0,0.827377243866,0.076156326098,1.34013192761,-0.473673609298,-0.211917743084,1,0,0
96,0,-1.56610692589,3.17229876276,-0.47454519625,-0.473673609298,0.0493298231624,1,0,0
456,0,-1.56610692589,2.71102965738,-0.47454519625,-0.473673609298,-0.113845708735,1,0,1
233,1,0.827377243866,-1.90166139645,3.15480905146,2.0089333665,-0.01644415947,0,0,1
60,0,0.827377243866,-0.594732264529,-0.47454519625,-0.473673609298,-0.50286397293,1,0,0
453,1,-1.56610692589,1.48097870969,0.432793365679,-0.473673609298,1.14566354047,1,0,0
712,1,-1.56610692589,1.40410052546,0.432793365679,-0.473673609298,0.398582080163,1,0,1
621,1,-1.56610692589,0.942831420079,0.432793365679,-0.473673609298,0.409740723802,1,0,1
31,1,-1.56610692589,-0.139943312607,0.432793365679,-0.473673609298,2.30172882079,0,0,0
184,1,0.827377243866,-1.97853958068,-0.47454519625,2.0089333665,-0.204955168254,0,0,1
695,0,-0.369364841012,1.71161326238,-0.47454519625,-0.473673609298,-0.37660337652,1,0,1
367,1,0.827377243866,-0.139943312607,-0.47454519625,-0.473673609298,-0.50286397293,0,0,0
92,0,-1.56610692589,1.250344157,0.432793365679,-0.473673609298,0.5833178351,1,0,1
21,1,-0.369364841012,0.327805946236,-0.47454519625,-0.473673609298,-0.386670720113,1,0,1
41,0,-0.369364841012,-0.210341343377,0.432793365679,-0.473673609298,-0.225593222621,0,0,1
347,1,0.827377243866,-0.139943312607,0.432793365679,-0.473673609298,-0.324253189835,0,0,1
582,0,-0.369364841012,1.86536963084,-0.47454519625,-0.473673609298,-0.124919786688,1,0,1
311,1,-1.56610692589,-0.902245001451,1.34013192761,2.0089333665,4.63441689704,0,0,0
321,0,0.827377243866,-0.210341343377,-0.47454519625,-0.473673609298,-0.489442190451,1,0,1
600,1,-0.369364841012,-0.440975896068,1.34013192761,0.767629878598,-0.104785099501,0,0,1
243,0,0.827377243866,-0.594732264529,-0.47454519625,-0.473673609298,-0.504962007335,1,0,1
730,1,-1.56610692589,-0.0565849749164,-0.47454519625,-0.473673609298,3.60679279976,0,0,1
136,1,-1.56610692589,-0.825366817221,-0.47454519625,2.0089333665,-0.119215629808,0,0,1
804,1,0.827377243866,-0.210341343377,-0.47454519625,-0.473673609298,-0.507982210413,1,0,1
305,1,-1.56610692589,-2.21532438811,0.432793365679,2.0089333665,2.40299018959,1,0,1
129,0,0.827377243866,1.17346597277,-0.47454519625,-0.473673609298,-0.507982210413,1,0,1
384,0,0.827377243866,0.076156326098,-0.47454519625,-0.473673609298,-0.489442190451,1,0,1
720,1,-0.369364841012,-1.82478321222,-0.47454519625,0.767629878598,0.0160230236183,0,0,1
506,1,-0.369364841012,0.250927762005,-0.47454519625,2.0089333665,-0.124919786688,0,0,1
606,0,0.827377243866,0.020293209314,-0.47454519625,-0.473673609298,-0.489442190451,1,0,1
97,1,-1.56610692589,-0.517854080299,-0.47454519625,0.767629878598,0.627277897635,1,0,0
551,0,-0.369364841012,-0.210341343377,-0.47454519625,-0.473673609298,-0.124919786688,1,0,1
781,1,-1.56610692589,-0.979123185681,0.432793365679,-0.473673609298,0.499255516096,0,0,1
107,1,0.827377243866,0.076156326098,-0.47454519625,-0.473673609298,-0.491874460663,1,0,1
100,0,0.827377243866,-0.133463159147,-0.47454519625,-0.473673609298,-0.489442190451,0,0,1
564,0,0.827377243866,-0.139943312607,-0.47454519625,-0.473673609298,-0.486337421687,0,0,1
389,1,-0.369364841012,-0.979123185681,-0.47454519625,-0.473673609298,-0.4068054073,0,0,0
353,0,0.827377243866,-0.364097711838,0.432793365679,-0.473673609298,-0.290024221618,1,0,1
701,1,-1.56610692589,0.404684130466,-0.47454519625,-0.473673609298,-0.119131064122,1,0,1
391,1,0.827377243866,-0.67161044876,-0.47454519625,-0.473673609298,-0.49145565917,1,0,1
792,0,0.827377243866,-0.139943312607,6.78416329918,2.0089333665,0.751945840288,0,0,1
810,0,0.827377243866,-0.287219527608,-0.47454519625,-0.473673609298,-0.489609308355,1,0,1
535,1,-0.369364841012,-1.74790502799,-0.47454519625,2.0089333665,-0.119886114891,0,0,1
828,1,0.827377243866,0.076156326098,-0.47454519625,-0.473673609298,-0.492377827843,1,1,0
496,1,-1.56610692589,1.86536963084,0.432793365679,-0.473673609298,0.927453868087,0,0,0
524,0,0.827377243866,0.076156326098,-0.47454519625,-0.473673609298,-0.50286397293,1,0,0
36,1,0.827377243866,0.076156326098,-0.47454519625,-0.473673609298,-0.50286397293,1,0,0
37,0,0.827377243866,-0.67161044876,-0.47454519625,-0.473673609298,-0.486337421687,1,0,1
718,0,0.827377243866,0.076156326098,-0.47454519625,-0.473673609298,-0.336334002147,1,1,0
39,1,0.827377243866,-1.20975773837,0.432793365679,-0.473673609298,-0.422073540594,0,0,0
231,0,0.827377243866,-0.0565849749164,-0.47454519625,-0.473673609298,-0.491874460663,1,0,1
754,1,-0.369364841012,1.40410052546,0.432793365679,2.0089333665,0.660333013589,0,0,1
715,0,0.827377243866,-0.825366817221,-0.47454519625,-0.473673609298,-0.494391296562,1,0,1
324,0,0.827377243866,0.076156326098,6.78416329918,2.0089333665,0.751945840288,1,0,1
194,1,-1.56610692589,1.09658778854,-0.47454519625,-0.473673609298,-0.0902720169771,0,0,0
352,0,0.827377243866,-1.13287955414,0.432793365679,0.767629878598,-0.50286397293,1,0,0
125,1,0.827377243866,-1.36351410683,0.432793365679,-0.473673609298,-0.422073540594,1,0,0
478,0,0.827377243866,-0.594732264529,-0.47454519625,-0.473673609298,-0.496992698146,1,0,1
465,0,0.827377243866,0.635318683157,-0.47454519625,-0.473673609298,-0.506472108874,1,0,1
85,1,0.827377243866,0.250927762005,2.24747048954,-0.473673609298,-0.329286861632,0,0,1
423,0,0.827377243866,-0.133463159147,0.432793365679,0.767629878598,-0.358482158052,0,0,1
276,0,0.827377243866,1.17346597277,-0.47454519625,-0.473673609298,-0.492377827843,0,0,1
201,0,0.827377243866,0.076156326098,6.78416329918,2.0089333665,0.751945840288,1,0,1
490,0,0.827377243866,0.076156326098,0.432793365679,-0.473673609298,-0.246398394891,1,0,1
832,0,0.827377243866,0.076156326098,-0.47454519625,-0.473673609298,-0.50286397293,1,0,0
469,1,0.827377243866,-2.22839367943,1.34013192761,0.767629878598,-0.260661807294,0,0,0
168,0,-1.56610692589,0.076156326098,-0.47454519625,-0.473673609298,-0.126429888227,1,0,1
376,1,0.827377243866,-0.594732264529,-0.47454519625,-0.473673609298,-0.502445171436,0,0,1
599,1,-1.56610692589,1.48097870969,0.432793365679,-0.473673609298,0.497829980244,1,0,0
404,0,0.827377243866,-0.74848863299,-0.47454519625,-0.473673609298,-0.474004925785,0,0,1
656,0,0.827377243866,0.076156326098,-0.47454519625,-0.473673609298,-0.489442190451,1,0,1
131,0,0.827377243866,-0.74848863299,-0.47454519625,-0.473673609298,-0.506472108874,1,0,1
749,0,0.827377243866,0.0971713935445,-0.47454519625,-0.473673609298,-0.492377827843,1,1,0
405,0,-0.369364841012,0.327805946236,0.432793365679,-0.473673609298,-0.225593222621,1,0,1
126,0,0.827377243866,0.076156326098,-0.47454519625,-0.473673609298,-0.492377827843,1,1,0
511,0,0.827377243866,0.076156326098,-0.47454519625,-0.473673609298,-0.486337421687,1,0,1
106,1,0.827377243866,-0.67161044876,-0.47454519625,-0.473673609298,-0.494391296562,0,0,1
597,0,0.827377243866,1.48097870969,-0.47454519625,-0.473673609298,-0.648421653539,1,0,1
543,1,-0.369364841012,0.174049577775,0.432793365679,-0.473673609298,-0.124919786688,1,0,1
291,1,-1.56610692589,-0.825366817221,0.432793365679,-0.473673609298,1.18542954767,0,0,0
241,1,0.827377243866,-0.139943312607,0.432793365679,-0.473673609298,-0.336334002147,0,1,0
128,1,0.827377243866,-0.139943312607,0.432793365679,0.767629878598,-0.198244277015,0,0,0
608,1,-0.369364841012,-0.594732264529,0.432793365679,2.0089333665,0.188762531929,0,0,0
226,1,-0.369364841012,-0.825366817221,-0.47454519625,-0.473673609298,-0.43700743808,1,0,1
743,0,0.827377243866,-0.440975896068,0.432793365679,-0.473673609298,-0.324253189835,1,0,1
805,0,0.827377243866,0.0971713935445,-0.47454519625,-0.473673609298,-0.491874460663,1,0,1
568,0,0.827377243866,0.076156326098,-0.47454519625,-0.473673609298,-0.50286397293,1,0,0
68,1,0.827377243866,-0.979123185681,3.15480905146,2.0089333665,-0.488854257585,0,0,1
744,1,0.827377243866,0.0971713935445,-0.47454519625,-0.473673609298,-0.488854257585,1,0,1
315,1,0.827377243866,-0.287219527608,-0.47454519625,-0.473673609298,-0.490279793438,0,0,1
216,1,0.827377243866,-0.210341343377,-0.47454519625,-0.473673609298,-0.488854257585,0,0,1
777,1,0.827377243866,-1.90166139645,-0.47454519625,-0.473673609298,-0.397241430886,0,0,1
123,1,-0.369364841012,0.21248866989,-0.47454519625,-0.473673609298,-0.386670720113,0,0,1
375,1,-1.56610692589,-0.139943312607,0.432793365679,-0.473673609298,1.00606170033,0,0,0
706,1,-0.369364841012,1.17346597277,-0.47454519625,-0.473673609298,-0.37660337652,0,0,1
858,1,0.827377243866,-0.440975896068,-0.47454519625,3.25023685439,-0.260661807294,0,0,0
519,0,0.827377243866,0.174049577775,-0.47454519625,-0.473673609298,-0.489442190451,1,0,1
813,0,0.827377243866,-1.82478321222,3.15480905146,2.0089333665,-0.0187093117785,0,0,1
56,1,-0.369364841012,-0.67161044876,-0.47454519625,-0.473673609298,-0.43700743808,0,0,1
403,0,0.827377243866,-0.133463159147,0.432793365679,-0.473673609298,-0.329286861632,1,0,1
145,0,-0.369364841012,-0.825366817221,0.432793365679,0.767629878598,0.091528100568,1,0,1
359,1,0.827377243866,-0.139943312607,-0.47454519625,-0.473673609298,-0.489776426258,0,1,0
283,1,0.827377243866,-0.825366817221,-0.47454519625,-0.473673609298,-0.486337421687,1,0,1
852,0,0.827377243866,-1.59414865952,0.432793365679,0.767629878598,-0.34145223963,0,0,0
573,1,0.827377243866,-0.139943312607,-0.47454519625,-0.473673609298,-0.492377827843,0,1,0
431,1,0.827377243866,-0.139943312607,0.432793365679,-0.473673609298,-0.324253189835,0,0,1
702,0,0.827377243866,-0.902245001451,-0.47454519625,0.767629878598,-0.357390858007,0,0,0
864,0,-0.369364841012,-0.440975896068,-0.47454519625,-0.473673609298,-0.386670720113,1,0,1
474,0,0.827377243866,-0.594732264529,-0.47454519625,-0.473673609298,-0.450346668341,0,0,1
50,0,0.827377243866,-1.74790502799,3.15480905146,0.767629878598,0.150673744179,1,0,1
440,1,-0.369364841012,1.17346597277,0.432793365679,0.767629878598,-0.119886114891,0,0,1
664,1,0.827377243866,-0.74848863299,0.432793365679,-0.473673609298,-0.488854257585,1,0,1
595,0,0.827377243866,0.481562314697,0.432793365679,0.767629878598,-0.162168957983,1,0,1
161,1,-0.369364841012,0.789075051618,-0.47454519625,-0.473673609298,-0.33130033035,0,0,1
825,0,0.827377243866,0.076156326098,-0.47454519625,-0.473673609298,-0.508485577592,1,1,0
150,0,-0.369364841012,1.63473507815,-0.47454519625,-0.473673609298,-0.396234696527,1,0,1
639,0,0.827377243866,0.076156326098,0.432793365679,-0.473673609298,-0.324253189835,1,0,1
502,0,0.827377243866,-0.139943312607,-0.47454519625,-0.473673609298,-0.494810098055,0,1,0
173,0,0.827377243866,-0.67161044876,-0.47454519625,-0.473673609298,-0.488854257585,1,0,1
58,1,-0.369364841012,-1.90166139645,0.432793365679,2.0089333665,-0.0896840841112,0,0,1
491,0,0.827377243866,-0.67161044876,-0.47454519625,-0.473673609298,-0.502445171436,1,0,1
313,0,0.827377243866,-0.133463159147,-0.47454519625,-0.473673609298,-0.489442190451,1,0,1
328,1,0.827377243866,0.0971713935445,0.432793365679,0.767629878598,-0.235157199034,0,0,1
298,1,-1.56610692589,0.076156326098,-0.47454519625,-0.473673609298,-0.0343136943481,1,0,1
668,0,0.827377243866,1.01970960431,-0.47454519625,-0.473673609298,-0.486337421687,1,0,1
509,1,0.827377243866,-0.287219527608,-0.47454519625,-0.473673609298,0.489103606817,1,0,1
366,1,-1.56610692589,2.32663873623,0.432793365679,-0.473673609298,0.866713557251,0,0,0
122,0,-0.369364841012,0.21248866989,0.432793365679,-0.473673609298,-0.0429555020886,1,0,0
784,0,0.827377243866,-0.364097711838,-0.47454519625,-0.473673609298,-0.506472108874,1,0,1
253,0,0.827377243866,0.020293209314,0.432793365679,-0.473673609298,-0.324253189835,1,0,1
288,1,-0.369364841012,0.942831420079,-0.47454519625,-0.473673609298,-0.386670720113,1,0,1
578,0,0.827377243866,-0.139943312607,0.432793365679,-0.473673609298,-0.357308305789,0,0,0
254,0,0.827377243866,0.865953235849,-0.47454519625,2.0089333665,-0.24144928878,0,0,1
134,0,-0.369364841012,-0.364097711838,-0.47454519625,-0.473673609298,-0.386670720113,1,0,1
386,0,0.827377243866,-2.20917413337,4.06214761339,2.0089333665,0.295895175512,1,0,1
343,0,-0.369364841012,-0.364097711838,-0.47454519625,-0.473673609298,-0.386670720113,1,0,1
463,0,-0.369364841012,1.40410052546,-0.47454519625,-0.473673609298,-0.386670720113,1,0,1
74,1,0.827377243866,0.174049577775,-0.47454519625,-0.473673609298,0.489103606817,1,0,1
393,1,-1.56610692589,-0.517854080299,0.432793365679,-0.473673609298,1.63233503752,0,0,0
675,0,0.827377243866,-0.902245001451,-0.47454519625,-0.473673609298,-0.491874460663,1,0,1
685,0,-0.369364841012,-0.364097711838,0.432793365679,2.0089333665,0.188762531929,1,0,0
517,0,0.827377243866,0.076156326098,-0.47454519625,-0.473673609298,-0.162168957983,1,1,0
395,0,0.827377243866,-0.594732264529,-0.47454519625,-0.473673609298,-0.49145565917,1,0,1
878,0,0.827377243866,0.076156326098,-0.47454519625,-0.473673609298,-0.489442190451,1,0,1
73,0,0.827377243866,-0.287219527608,0.432793365679,-0.473673609298,-0.357390858007,1,0,0
320,0,0.827377243866,-0.594732264529,-0.47454519625,-0.473673609298,-0.502445171436,1,0,1
104,0,0.827377243866,0.558440498927,1.34013192761,-0.473673609298,-0.488854257585,1,0,1
9,1,-0.369364841012,-1.20975773837,0.432793365679,-0.473673609298,-0.0429555020886,0,0,0
680,0,0.827377243866,-0.139943312607,-0.47454519625,-0.473673609298,-0.484575636558,0,1,0
584,0,0.827377243866,0.076156326098,-0.47454519625,-0.473673609298,-0.472998191426,1,0,0
723,0,-0.369364841012,1.55785689392,-0.47454519625,-0.473673609298,-0.386670720113,1,0,1
558,1,-1.56610692589,0.712196867388,0.432793365679,0.767629878598,0.955306180872,0,0,1
750,1,-0.369364841012,-1.97853958068,0.432793365679,0.767629878598,-0.185323848248,0,0,1
193,1,-0.369364841012,-2.05541776491,0.432793365679,0.767629878598,-0.124919786688,1,0,1
348,1,0.827377243866,-2.05541776491,0.432793365679,0.767629878598,-0.328280127272,1,0,1
279,1,0.827377243866,0.404684130466,0.432793365679,0.767629878598,-0.240694238011,0,0,1
759,1,-1.56610692589,0.250927762005,-0.47454519625,-0.473673609298,1.0932287881,0,0,1
262,0,-1.56610692589,1.71161326238,0.432793365679,0.767629878598,0.955306180872,1,0,1
250,0,0.827377243866,0.076156326098,-0.47454519625,-0.473673609298,-0.502445171436,1,0,1
20,0,-0.369364841012,0.404684130466,-0.47454519625,-0.473673609298,-0.124919786688,1,0,1
842,1,-1.56610692589,0.020293209314,-0.47454519625,-0.473673609298,-0.0242463507548,0,0,0
589,0,0.827377243866,0.076156326098,-0.47454519625,-0.473673609298,-0.486337421687,1,0,1
881,0,0.827377243866,0.250927762005,-0.47454519625,-0.473673609298,-0.489442190451,1,0,1
843,0,0.827377243866,0.366245038351,-0.47454519625,-0.473673609298,-0.518804604775,1,0,0
876,0,0.827377243866,-0.74848863299,-0.47454519625,-0.473673609298,-0.450179550437,1,0,1
69,0,0.827377243866,-0.287219527608,1.34013192761,-0.473673609298,-0.474004925785,1,0,1
666,0,-0.369364841012,-0.364097711838,-0.47454519625,-0.473673609298,-0.386670720113,1,0,1
812,0,-0.369364841012,0.404684130466,-0.47454519625,-0.473673609298,-0.43700743808,1,0,1
342,0,-0.369364841012,-0.133463159147,-0.47454519625,-0.473673609298,-0.386670720113,1,0,1
739,0,0.827377243866,0.076156326098,-0.47454519625,-0.473673609298,-0.489442190451,1,0,1
772,0,-0.369364841012,2.09600418354,-0.47454519625,-0.473673609298,-0.43700743808,0,0,1
208,1,0.827377243866,-1.05600136991,-0.47454519625,-0.473673609298,-0.492377827843,0,1,0
54,0,-1.56610692589,2.71102965738,-0.47454519625,0.767629878598,0.599510150536,1,0,0
859,0,0.827377243866,0.076156326098,-0.47454519625,-0.473673609298,-0.50286397293,1,0,0
476,0,-0.369364841012,0.327805946236,0.432793365679,-0.473673609298,-0.225593222621,1,0,1
338,1,0.827377243866,1.17346597277,-0.47454519625,-0.473673609298,-0.486337421687,1,0,1
846,0,0.827377243866,0.076156326098,6.78416329918,2.0089333665,0.751945840288,1,0,1
306,1,-1.56610692589,-0.139943312607,-0.47454519625,-0.473673609298,1.58417890618,0,0,0
215,1,-1.56610692589,0.0971713935445,0.432793365679,-0.473673609298,1.63233503752,0,0,0
40,0,0.827377243866,0.789075051618,0.432793365679,-0.473673609298,-0.457645492446,0,0,1
811,0,0.827377243866,0.712196867388,-0.47454519625,-0.473673609298,-0.162168957983,1,0,1
775,0,0.827377243866,-0.902245001451,-0.47454519625,-0.473673609298,-0.492377827843,1,0,1
661,0,0.827377243866,0.789075051618,-0.47454519625,-0.473673609298,-0.502948538616,1,0,0
549,1,-0.369364841012,-1.67102684376,0.432793365679,0.767629878598,0.091528100568,1,0,1
446,1,-0.369364841012,-1.2866359226,-0.47454519625,0.767629878598,-0.255795253401,0,0,1
451,0,0.827377243866,0.076156326098,0.432793365679,-0.473673609298,-0.246398394891,1,0,1
877,0,0.827377243866,-0.825366817221,-0.47454519625,-0.473673609298,-0.489442190451,1,0,1
398,0,-0.369364841012,-0.517854080299,-0.47454519625,-0.473673609298,-0.43700743808,1,0,1
532,0,0.827377243866,-0.979123185681,0.432793365679,0.767629878598,-0.50286397293,1,0,0
637,0,-0.369364841012,0.0971713935445,0.432793365679,0.767629878598,-0.119886114891,1,0,1
219,0,-0.369364841012,0.020293209314,-0.47454519625,-0.473673609298,-0.43700743808,1,0,1
638,0,0.827377243866,0.865953235849,-0.47454519625,5.73284383019,0.150673744179,0,0,1
886,0,-0.369364841012,-0.210341343377,-0.47454519625,-0.473673609298,-0.386670720113,1,0,1
834,0,0.827377243866,-0.902245001451,-0.47454519625,-0.473673609298,-0.48130374989,1,0,1
472,1,-0.369364841012,0.250927762005,0.432793365679,2.0089333665,-0.0896840841112,0,0,1
605,0,0.827377243866,0.481562314697,0.432793365679,-0.473673609298,-0.335327267788,1,0,1
545,0,-1.56610692589,2.63415147315,-0.47454519625,-0.473673609298,-0.124919786688,1,0,1
133,1,-0.369364841012,-0.0565849749164,0.432793365679,-0.473673609298,-0.124919786688,0,0,1
703,0,0.827377243866,-0.364097711838,-0.47454519625,-0.473673609298,-0.492544945747,1,1,0
15,1,-0.369364841012,1.94224781507,-0.47454519625,-0.473673609298,-0.326266658554,0,0,1
475,0,-1.56610692589,0.076156326098,-0.47454519625,-0.473673609298,0.398582080163,1,0,1
287,0,0.827377243866,-0.594732264529,-0.47454519625,-0.473673609298,-0.489442190451,1,0,1
211,1,-0.369364841012,0.404684130466,-0.47454519625,-0.473673609298,-0.225593222621,0,0,1
704,0,0.827377243866,-0.287219527608,0.432793365679,-0.473673609298,-0.490279793438,1,0,1
417,1,-0.369364841012,-0.902245001451,-0.47454519625,2.0089333665,-0.386670720113,0,0,1
187,1,-1.56610692589,1.17346597277,-0.47454519625,-0.473673609298,-0.113845708735,1,0,1
270,0,-1.56610692589,0.076156326098,-0.47454519625,-0.473673609298,-0.0242463507548,1,0,1
299,1,-1.56610692589,1.55785689392,-0.47454519625,0.767629878598,4.33533222663,0,0,0
285,0,0.827377243866,0.250927762005,-0.47454519625,-0.473673609298,-0.474004925785,1,0,0
275,1,-1.56610692589,2.55727328892,0.432793365679,-0.473673609298,0.921244330559,0,0,1
113,0,0.827377243866,-0.74848863299,0.432793365679,-0.473673609298,-0.450598351931,0,0,1
186,1,0.827377243866,-0.139943312607,0.432793365679,-0.473673609298,-0.336334002147,0,1,0
583,0,-1.56610692589,0.481562314697,-0.47454519625,-0.473673609298,0.159482669823,1,0,0
385,0,-0.369364841012,-0.902245001451,-0.47454519625,-0.473673609298,0.831477854675,1,0,1
246,0,0.827377243866,-0.364097711838,-0.47454519625,-0.473673609298,-0.491874460663,0,0,1
569,1,0.827377243866,0.174049577775,-0.47454519625,-0.473673609298,-0.490279793438,1,0,1
312,0,-0.369364841012,-0.287219527608,0.432793365679,0.767629878598,-0.124919786688,0,0,1
518,1,-0.369364841012,0.481562314697,0.432793365679,-0.473673609298,-0.124919786688,0,0,1
872,0,-1.56610692589,0.250927762005,-0.47454519625,-0.473673609298,-0.547748217606,1,0,1
10,1,0.827377243866,-1.97853958068,0.432793365679,0.767629878598,-0.312172377523,0,0,1
428,0,0.827377243866,0.076156326098,-0.47454519625,-0.473673609298,-0.492377827843,1,1,0
89,0,0.827377243866,-0.440975896068,-0.47454519625,-0.473673609298,-0.486337421687,1,0,1
334,1,-1.56610692589,-0.139943312607,0.432793365679,-0.473673609298,2.04257928895,0,0,1
221,0,-0.369364841012,-0.210341343377,-0.47454519625,-0.473673609298,-0.386670720113,1,0,1
889,1,-1.56610692589,-0.287219527608,-0.47454519625,-0.473673609298,-0.0443810379414,1,0,0
436,0,0.827377243866,-0.67161044876,1.34013192761,2.0089333665,0.0437082184999,0,0,1
59,0,0.827377243866,-1.44039229106,4.06214761339,2.0089333665,0.295895175512,1,0,1
555,0,-1.56610692589,2.48039510469,-0.47454519625,-0.473673609298,-0.113845708735,1,0,1
480,0,0.827377243866,-1.59414865952,4.06214761339,2.0089333665,0.295895175512,1,0,1
717,1,-0.369364841012,-0.210341343377,-0.47454519625,-0.473673609298,-0.43700743808,0,0,1
696,0,0.827377243866,1.09658778854,-0.47454519625,-0.473673609298,-0.486337421687,1,0,1
448,1,0.827377243866,-1.90166139645,1.34013192761,0.767629878598,-0.260661807294,0,0,0
857,1,-1.56610692589,1.63473507815,-0.47454519625,-0.473673609298,-0.113845708735,1,0,1
218,1,-1.56610692589,0.174049577775,-0.47454519625,-0.473673609298,0.887687860894,0,0,0
770,0,0.827377243866,-0.440975896068,-0.47454519625,-0.473673609298,-0.457142125266,1,0,1
67,0,0.827377243866,-0.825366817221,-0.47454519625,-0.473673609298,-0.484156835065,1,0,1
240,0,0.827377243866,-0.139943312607,0.432793365679,-0.473673609298,-0.357390858007,0,0,0
296,0,0.827377243866,-0.479414988184,-0.47454519625,-0.473673609298,-0.50286397293,1,0,0
452,0,-1.56610692589,0.020293209314,-0.47454519625,-0.473673609298,-0.0896840841112,1,0,0
657,0,0.827377243866,0.174049577775,0.432793365679,0.767629878598,-0.336334002147,0,1,0
553,1,0.827377243866,-0.594732264529,-0.47454519625,-0.473673609298,-0.502948538616,1,0,0
326,0,0.827377243866,2.40351692046,-0.47454519625,-0.473673609298,-0.522831542213,1,0,1
300,1,0.827377243866,-0.139943312607,-0.47454519625,-0.473673609298,-0.492377827843,0,1,0
346,1,-0.369364841012,0.789075051618,-0.47454519625,-0.473673609298,-0.386670720113,0,0,1
30,0,-1.56610692589,0.789075051618,-0.47454519625,-0.473673609298,-0.0902720169771,1,0,0
132,0,0.827377243866,1.32722234123,0.432793365679,-0.473673609298,-0.356468689333,0,0,1
147,0,0.827377243866,-1.59414865952,1.34013192761,2.0089333665,0.0437082184999,0,0,1
690,1,-1.56610692589,0.0971713935445,0.432793365679,-0.473673609298,0.499255516096,1,0,1
212,0,0.827377243866,-0.594732264529,-0.47454519625,-0.473673609298,-0.502445171436,1,0,1
24,0,0.827377243866,-1.67102684376,2.24747048954,0.767629878598,-0.224083121082,0,0,1
774,1,-0.369364841012,1.86536963084,0.432793365679,3.25023685439,-0.185323848248,0,0,1
380,1,-1.56610692589,0.942831420079,-0.47454519625,-0.473673609298,3.93272304859,0,0,0
461,0,0.827377243866,0.327805946236,-0.47454519625,-0.473673609298,-0.486337421687,1,0,1
622,1,0.827377243866,-0.74848863299,0.432793365679,0.767629878598,-0.331467448254,1,0,0
7,0,0.827377243866,-2.13229594914,2.24747048954,0.767629878598,-0.224083121082,1,0,1
297,0,-1.56610692589,-2.13229594914,0.432793365679,2.0089333665,2.40299018959,0,0,1
458,1,-0.369364841012,1.55785689392,-0.47454519625,-0.473673609298,-0.43700743808,0,0,1
368,1,0.827377243866,-0.139943312607,-0.47454519625,-0.473673609298,-0.492377827843,0,1,0
879,1,-1.56610692589,2.0191259993,-0.47454519625,0.767629878598,1.02594470393,0,0,0
807,0,0.827377243866,-0.902245001451,-0.47454519625,-0.473673609298,-0.491874460663,0,0,1
821,1,0.827377243866,-0.210341343377,-0.47454519625,-0.473673609298,-0.474004925785,1,0,1
646,0,0.827377243866,-0.825366817221,-0.47454519625,-0.473673609298,-0.489442190451,1,0,1
140,0,0.827377243866,-0.139943312607,-0.47454519625,2.0089333665,-0.34145223963,0,0,0
160,0,0.827377243866,1.09658778854,-0.47454519625,0.767629878598,-0.324253189835,1,0,1
725,0,0.827377243866,-0.74848863299,-0.47454519625,-0.473673609298,-0.474004925785,1,0,1
546,1,-0.369364841012,-0.825366817221,0.432793365679,-0.473673609298,-0.124919786688,0,0,1
383,1,-1.56610692589,0.404684130466,0.432793365679,-0.473673609298,0.398582080163,0,0,1
746,0,0.827377243866,-1.05600136991,0.432793365679,0.767629878598,-0.240694238011,1,0,1
747,1,-0.369364841012,0.020293209314,-0.47454519625,-0.473673609298,-0.386670720113,0,0,1
308,0,-0.369364841012,0.020293209314,0.432793365679,-0.473673609298,-0.165189161061,1,0,0
791,0,-0.369364841012,-1.05600136991,-0.47454519625,-0.473673609298,-0.124919786688,1,0,1
196,0,0.827377243866,0.076156326098,-0.47454519625,-0.473673609298,-0.492377827843,1,1,0
259,1,-0.369364841012,1.55785689392,-0.47454519625,0.767629878598,-0.124919786688,0,0,1
433,0,0.827377243866,-0.979123185681,-0.47454519625,-0.473673609298,-0.504962007335,1,0,1
42,0,0.827377243866,0.076156326098,-0.47454519625,-0.473673609298,-0.489442190451,1,0,0
694,0,-1.56610692589,2.32663873623,-0.47454519625,-0.473673609298,-0.113845708735,1,0,1
239,0,-0.369364841012,0.250927762005,-0.47454519625,-0.473673609298,-0.401268368324,1,0,1
783,0,0.827377243866,0.076156326098,0.432793365679,2.0089333665,-0.176263239014,1,0,1
23,1,-1.56610692589,-0.133463159147,-0.47454519625,-0.473673609298,0.0663597415848,1,0,1
628,0,0.827377243866,-0.287219527608,-0.47454519625,-0.473673609298,-0.489442190451,1,0,1
576,1,-0.369364841012,0.327805946236,-0.47454519625,-0.473673609298,-0.386670720113,0,0,1
869,1,0.827377243866,-1.97853958068,0.432793365679,0.767629878598,-0.424256140685,1,0,1
238,0,-0.369364841012,-0.825366817221,-0.47454519625,-0.473673609298,-0.43700743808,1,0,1
868,0,0.827377243866,0.076156326098,-0.47454519625,-0.473673609298,-0.457142125266,1,0,1
887,1,-1.56610692589,-0.825366817221,-0.47454519625,-0.473673609298,-0.0443810379414,0,0,1
314,0,-0.369364841012,1.01970960431,0.432793365679,0.767629878598,-0.119886114891,1,0,1
165,1,0.827377243866,-1.59414865952,-0.47454519625,2.0089333665,-0.235157199034,1,0,1
507,1,-1.56610692589,0.076156326098,-0.47454519625,-0.473673609298,-0.113845708735,1,0,1
355,0,0.827377243866,-0.133463159147,-0.47454519625,-0.473673609298,-0.457142125266,1,0,1
682,0,0.827377243866,-0.74848863299,-0.47454519625,-0.473673609298,-0.462679164243,1,0,1
109,1,0.827377243866,-0.139943312607,0.432793365679,-0.473673609298,-0.162168957983,0,1,0
884,0,0.827377243866,-0.364097711838,-0.47454519625,-0.473673609298,-0.506472108874,1,0,1
760,0,0.827377243866,0.076156326098,-0.47454519625,-0.473673609298,-0.356468689333,1,0,1
151,1,-1.56610692589,-0.594732264529,0.432793365679,-0.473673609298,0.692548513088,0,0,1
1,1,-1.56610692589,0.635318683157,0.432793365679,-0.473673609298,0.786845293588,0,0,0
862,1,-1.56610692589,1.40410052546,-0.47454519625,-0.473673609298,-0.126345322541,0,0,1
146,1,0.827377243866,-0.210341343377,-0.47454519625,-0.473673609298,-0.49145565917,1,0,1
265,0,-0.369364841012,0.481562314697,-0.47454519625,-0.473673609298,-0.43700743808,1,0,1
455,1,0.827377243866,-0.0565849749164,-0.47454519625,-0.473673609298,-0.489442190451,1,0,0
266,0,0.827377243866,-1.05600136991,3.15480905146,0.767629878598,0.150673744179,1,0,1
454,0,0.827377243866,0.076156326098,-0.47454519625,-0.473673609298,-0.486337421687,1,0,1
632,1,-1.56610692589,0.174049577775,-0.47454519625,-0.473673609298,-0.0343136943481,1,0,0
26,0,0.827377243866,0.076156326098,-0.47454519625,-0.473673609298,-0.502948538616,1,0,0
572,1,-1.56610692589,0.481562314697,-0.47454519625,-0.473673609298,-0.117117595403,1,0,1
577,1,-1.56610692589,0.712196867388,0.432793365679,-0.473673609298,0.477107360191,0,0,1
824,0,0.827377243866,-2.13229594914,3.15480905146,0.767629878598,0.150673744179,1,0,1
818,0,0.827377243866,1.01970960431,-0.47454519625,-0.473673609298,-0.518552921185,1,0,1
363,0,0.827377243866,0.404684130466,-0.47454519625,-0.473673609298,-0.506472108874,1,0,1
66,1,-0.369364841012,-0.0565849749164,-0.47454519625,-0.473673609298,-0.43700743808,0,0,1
248,1,-1.56610692589,0.558440498927,0.432793365679,0.767629878598,0.409740723802,1,0,1
396,0,0.827377243866,0.0971713935445,-0.47454519625,-0.473673609298,-0.490279793438,0,0,1
654,0,0.827377243866,-0.902245001451,-0.47454519625,-0.473673609298,-0.512512515029,0,1,0
688,0,0.827377243866,-0.902245001451,-0.47454519625,-0.473673609298,-0.49145565917,1,0,1
505,0,-1.56610692589,-0.902245001451,0.432793365679,-0.473673609298,1.54424578108,1,0,0
232,0,-0.369364841012,2.249760552,-0.47454519625,-0.473673609298,-0.37660337652,1,0,1
801,1,-0.369364841012,0.0971713935445,0.432793365679,0.767629878598,-0.119886114891,0,0,1
631,0,0.827377243866,1.63473507815,-0.47454519625,-0.473673609298,-0.506387543187,1,0,1
880,1,-0.369364841012,-0.364097711838,-0.47454519625,0.767629878598,-0.124919786688,0,0,1
143,0,0.827377243866,-0.825366817221,-0.47454519625,-0.473673609298,-0.512512515029,1,1,0
533,1,0.827377243866,-0.139943312607,-0.47454519625,2.0089333665,-0.198244277015,0,0,0
681,1,-1.56610692589,-0.210341343377,-0.47454519625,-0.473673609298,0.896496786538,1,0,0
485,0,0.827377243866,-0.139943312607,2.24747048954,0.767629878598,-0.135657615364,0,0,1
565,0,0.827377243866,-0.440975896068,1.34013192761,-0.473673609298,-0.162168957983,1,0,1
692,1,0.827377243866,0.076156326098,-0.47454519625,-0.473673609298,0.489103606817,1,0,1
234,0,-0.369364841012,-0.440975896068,-0.47454519625,-0.473673609298,-0.43700743808,1,0,1
55,1,-1.56610692589,0.076156326098,-0.47454519625,-0.473673609298,0.0663597415848,1,0,1
102,0,-1.56610692589,-0.67161044876,-0.47454519625,0.767629878598,0.907737982394,1,0,1
206,0,0.827377243866,0.174049577775,0.432793365679,-0.473673609298,-0.329286861632,1,0,1
210,0,0.827377243866,-0.440975896068,-0.47454519625,-0.473673609298,-0.506472108874,1,0,1
358,1,0.827377243866,-0.139943312607,-0.47454519625,-0.473673609298,-0.489776426258,0,1,0
734,0,-0.369364841012,-0.517854080299,-0.47454519625,-0.473673609298,-0.386670720113,1,0,1
751,1,0.827377243866,-1.82478321222,-0.47454519625,0.767629878598,-0.397241430886,1,0,1
25,1,0.827377243866,0.635318683157,0.432793365679,5.73284383019,-0.01644415947,0,0,1
139,0,-1.56610692589,-0.440975896068,-0.47454519625,-0.473673609298,0.946245571638,1,0,0
86,0,0.827377243866,-1.05600136991,0.432793365679,3.25023685439,0.0437082184999,1,0,1
87,0,0.827377243866,0.076156326098,-0.47454519625,-0.473673609298,-0.486337421687,1,0,1
708,1,-1.56610692589,-0.594732264529,-0.47454519625,-0.473673609298,2.40299018959,0,0,1
644,1,0.827377243866,-2.22839367943,1.34013192761,0.767629878598,-0.260661807294,0,0,0
883,0,-0.369364841012,-0.133463159147,-0.47454519625,-0.473673609298,-0.43700743808,1,0,1
76,0,0.827377243866,0.076156326098,-0.47454519625,-0.473673609298,-0.489442190451,1,0,1
3,1,-1.56610692589,0.404684130466,0.432793365679,-0.473673609298,0.420730236069,0,0,1
803,1,0.827377243866,-2.25376348022,-0.47454519625,0.767629878598,-0.476940563177,1,0,0
670,1,-0.369364841012,0.789075051618,0.432793365679,0.767629878598,0.136831146738,0,0,1
853,1,-1.56610692589,-1.05600136991,-0.47454519625,0.767629878598,0.144885021612,0,0,1
785,0,0.827377243866,-0.364097711838,-0.47454519625,-0.473673609298,-0.502445171436,1,0,1
438,0,-1.56610692589,2.63415147315,0.432793365679,4.49154034229,4.64700107653,1,0,1
84,1,-0.369364841012,-0.979123185681,-0.47454519625,-0.473673609298,-0.43700743808,0,0,1
617,0,0.827377243866,-0.287219527608,0.432793365679,-0.473673609298,-0.324253189835,0,0,1
849,1,-1.56610692589,-0.139943312607,0.432793365679,-0.473673609298,1.14566354047,0,0,0
765,1,-1.56610692589,1.63473507815,0.432793365679,-0.473673609298,0.921244330559,0,0,1
264,0,0.827377243866,-0.139943312607,-0.47454519625,-0.473673609298,-0.492377827843,0,1,0
180,0,0.827377243866,-0.139943312607,6.78416329918,2.0089333665,0.751945840288,0,0,1
523,1,-1.56610692589,1.09658778854,-0.47454519625,0.767629878598,0.518971401789,0,0,0
176,0,0.827377243866,0.076156326098,2.24747048954,0.767629878598,-0.135657615364,1,0,1
432,1,-0.369364841012,0.942831420079,0.432793365679,-0.473673609298,-0.124919786688,0,0,1
827,1,-0.369364841012,-2.20917413337,-0.47454519625,2.0089333665,0.0966463380508,1,0,0
77,0,0.827377243866,0.076156326098,-0.47454519625,-0.473673609298,-0.486337421687,1,0,1
501,0,0.827377243866,-0.67161044876,-0.47454519625,-0.473673609298,-0.492377827843,0,1,0
526,1,-0.369364841012,1.55785689392,-0.47454519625,-0.473673609298,-0.43700743808,0,0,1
51,0,0.827377243866,-0.67161044876,-0.47454519625,-0.473673609298,-0.491371093484,1,0,1
282,0,0.827377243866,-1.05600136991,-0.47454519625,-0.473673609298,-0.457142125266,1,0,1
796,1,-1.56610692589,1.48097870969,-0.47454519625,-0.473673609298,-0.126345322541,0,0,1
557,0,-1.56610692589,0.076156326098,-0.47454519625,-0.473673609298,3.93272304859,1,0,0
110,0,-1.56610692589,1.32722234123,-0.47454519625,-0.473673609298,0.398582080163,1,0,1
698,0,-1.56610692589,1.48097870969,0.432793365679,0.767629878598,1.58417890618,1,0,0
281,0,0.827377243866,-0.133463159147,-0.47454519625,-0.473673609298,-0.490279793438,1,0,1
731,0,0.827377243866,-1.44039229106,-0.47454519625,-0.473673609298,-0.270141218021,1,0,0
679,1,-1.56610692589,0.481562314697,-0.47454519625,0.767629878598,9.66716652501,1,0,0
658,0,-0.369364841012,-0.517854080299,-0.47454519625,-0.473673609298,-0.386670720113,1,0,1
663,0,0.827377243866,0.481562314697,-0.47454519625,-0.473673609298,-0.497496065326,1,0,1
459,0,0.827377243866,0.076156326098,-0.47454519625,-0.473673609298,-0.492377827843,1,1,0
381,1,0.827377243866,-2.20917413337,-0.47454519625,2.0089333665,-0.331467448254,0,0,0
865,1,-0.369364841012,0.942831420079,-0.47454519625,-0.473673609298,-0.386670720113,0,0,1
486,1,-1.56610692589,0.404684130466,0.432793365679,-0.473673609298,1.16370019325,0,0,1
890,0,0.827377243866,0.174049577775,-0.47454519625,-0.473673609298,-0.492377827843,1,1,0
378,0,0.827377243866,-0.74848863299,-0.47454519625,-0.473673609298,-0.567631221203,1,0,0
697,1,0.827377243866,-0.139943312607,-0.47454519625,-0.473673609298,-0.492714077119,0,1,0
332,0,-1.56610692589,0.635318683157,-0.47454519625,0.767629878598,2.44149777883,1,0,1
0,0,0.827377243866,-0.594732264529,0.432793365679,-0.473673609298,-0.502445171436,1,0,1
534,0,0.827377243866,0.020293209314,-0.47454519625,-0.473673609298,-0.474004925785,0,0,1
823,1,0.827377243866,-0.210341343377,-0.47454519625,0.767629878598,-0.397241430886,0,0,1
209,1,-1.56610692589,0.789075051618,-0.47454519625,-0.473673609298,-0.0242463507548,1,0,0
737,1,-1.56610692589,0.404684130466,-0.47454519625,-0.473673609298,9.66716652501,1,0,0
360,0,0.827377243866,0.789075051618,0.432793365679,4.49154034229,-0.0866638810332,1,0,1
669,1,-1.56610692589,-0.139943312607,0.432793365679,-0.473673609298,0.398582080163,0,0,1
245,0,-1.56610692589,1.09658778854,1.34013192761,-0.473673609298,1.16370019325,1,1,0
768,0,0.827377243866,0.076156326098,0.432793365679,-0.473673609298,-0.162168957983,1,1,0
